../bin/VPI-case-study-Simics-QURT-trig_GDB-pf_C-trace_NONE-O2.elf	31	597904	0.417	Jan 14, 2011 07:41:45
../bin/VPI-case-study-Simics-QURT-trig_GDB-pf_C-trace_NONE-O2.elf	31	597904	0.419	Jan 14, 2011 07:41:50
../bin/VPI-case-study-Simics-QURT-trig_GDB-pf_C-trace_NONE-O2.elf	31	597904	0.417	Jan 14, 2011 07:41:55
../bin/VPI-case-study-Simics-QURT-trig_GDB-pf_C-trace_NONE-O2.elf	31	597904	0.427	Jan 14, 2011 07:41:59
../bin/VPI-case-study-Simics-QURT-trig_GDB-pf_C-trace_NONE-O2.elf	31	597904	0.507	Jan 14, 2011 07:42:04
../bin/VPI-case-study-Simics-QURT-trig_GDB-pf_C-trace_NONE-O2.elf	31	597904	0.411	Jan 14, 2011 07:42:10
../bin/VPI-case-study-Simics-QURT-trig_GDB-pf_C-trace_NONE-O2.elf	31	597904	0.409	Jan 14, 2011 07:42:15
../bin/VPI-case-study-Simics-QURT-trig_GDB-pf_C-trace_NONE-O2.elf	31	597904	0.415	Jan 14, 2011 07:42:20
../bin/VPI-case-study-Simics-QURT-trig_GDB-pf_C-trace_NONE-O2.elf	31	597904	0.411	Jan 14, 2011 07:42:25
../bin/VPI-case-study-Simics-QURT-trig_GDB-pf_C-trace_NONE-O2.elf	31	597904	0.411	Jan 14, 2011 07:42:31
../bin/VPI-case-study-Simics-QURT-trig_GDB-pf_C-trace_NONE-O2.elf	31	597904	0.424	Jan 14, 2011 07:42:36
../bin/VPI-case-study-Simics-QURT-trig_GDB-pf_C-trace_NONE-O2.elf	31	597904	0.418	Jan 14, 2011 07:42:41
../bin/VPI-case-study-Simics-QURT-trig_GDB-pf_C-trace_NONE-O2.elf	31	597904	0.425	Jan 14, 2011 07:42:46
../bin/VPI-case-study-Simics-QURT-trig_GDB-pf_C-trace_NONE-O2.elf	31	597904	0.409	Jan 14, 2011 07:42:52
../bin/VPI-case-study-Simics-QURT-trig_GDB-pf_C-trace_NONE-O2.elf	31	597904	0.406	Jan 14, 2011 07:42:57
../bin/VPI-case-study-Simics-QURT-trig_GDB-pf_C-trace_NONE-O2.elf	31	597904	0.413	Jan 14, 2011 07:43:02
../bin/VPI-case-study-Simics-QURT-trig_GDB-pf_C-trace_NONE-O2.elf	31	597904	0.416	Jan 14, 2011 07:43:07
../bin/VPI-case-study-Simics-QURT-trig_GDB-pf_C-trace_NONE-O2.elf	31	597904	0.440	Jan 14, 2011 07:43:13
../bin/VPI-case-study-Simics-QURT-trig_GDB-pf_C-trace_NONE-O2.elf	31	597904	0.411	Jan 14, 2011 07:43:19
../bin/VPI-case-study-Simics-QURT-trig_GDB-pf_C-trace_NONE-O2.elf	31	597904	0.415	Jan 14, 2011 07:43:24
../bin/VPI-case-study-Simics-QURT-trig_GDB-pf_C-trace_NONE-O2.elf	31	597904	0.413	Jan 14, 2011 07:43:29
../bin/VPI-case-study-Simics-QURT-trig_GDB-pf_C-trace_NONE-O2.elf	31	597904	0.431	Jan 14, 2011 07:43:34
../bin/VPI-case-study-Simics-QURT-trig_GDB-pf_C-trace_NONE-O2.elf	31	597904	0.411	Jan 14, 2011 07:43:39
../bin/VPI-case-study-Simics-QURT-trig_GDB-pf_C-trace_NONE-O2.elf	31	597904	0.408	Jan 14, 2011 07:43:45
../bin/VPI-case-study-Simics-QURT-trig_GDB-pf_C-trace_NONE-O2.elf	31	597904	0.410	Jan 14, 2011 07:43:51
../bin/VPI-case-study-Simics-QURT-trig_MAGIC-pf_C-trace_NONE-O2.elf	31	597904	0.311	Jan 14, 2011 07:22:59
../bin/VPI-case-study-Simics-QURT-trig_MAGIC-pf_C-trace_NONE-O2.elf	31	597904	0.287	Jan 14, 2011 07:23:04
../bin/VPI-case-study-Simics-QURT-trig_MAGIC-pf_C-trace_NONE-O2.elf	31	597904	0.292	Jan 14, 2011 07:23:09
../bin/VPI-case-study-Simics-QURT-trig_MAGIC-pf_C-trace_NONE-O2.elf	31	597904	0.297	Jan 14, 2011 07:23:14
../bin/VPI-case-study-Simics-QURT-trig_MAGIC-pf_C-trace_NONE-O2.elf	31	597904	0.293	Jan 14, 2011 07:23:19
../bin/VPI-case-study-Simics-QURT-trig_MAGIC-pf_C-trace_NONE-O2.elf	31	597904	0.290	Jan 14, 2011 07:23:24
../bin/VPI-case-study-Simics-QURT-trig_MAGIC-pf_C-trace_NONE-O2.elf	31	597904	0.293	Jan 14, 2011 07:23:29
../bin/VPI-case-study-Simics-QURT-trig_MAGIC-pf_C-trace_NONE-O2.elf	31	597904	0.296	Jan 14, 2011 07:23:33
../bin/VPI-case-study-Simics-QURT-trig_MAGIC-pf_C-trace_NONE-O2.elf	31	597904	0.292	Jan 14, 2011 07:23:38
../bin/VPI-case-study-Simics-QURT-trig_MAGIC-pf_C-trace_NONE-O2.elf	31	597904	0.291	Jan 14, 2011 07:23:43
../bin/VPI-case-study-Simics-QURT-trig_MAGIC-pf_C-trace_NONE-O2.elf	31	597904	0.290	Jan 14, 2011 07:23:48
../bin/VPI-case-study-Simics-QURT-trig_MAGIC-pf_C-trace_NONE-O2.elf	31	597904	0.289	Jan 14, 2011 07:23:53
../bin/VPI-case-study-Simics-QURT-trig_MAGIC-pf_C-trace_NONE-O2.elf	31	597904	0.292	Jan 14, 2011 07:23:58
../bin/VPI-case-study-Simics-QURT-trig_MAGIC-pf_C-trace_NONE-O2.elf	31	597904	0.292	Jan 14, 2011 07:24:03
../bin/VPI-case-study-Simics-QURT-trig_MAGIC-pf_C-trace_NONE-O2.elf	31	597904	0.300	Jan 14, 2011 07:24:08
../bin/VPI-case-study-Simics-QURT-trig_MAGIC-pf_C-trace_NONE-O2.elf	31	597904	0.293	Jan 14, 2011 07:24:13
../bin/VPI-case-study-Simics-QURT-trig_MAGIC-pf_C-trace_NONE-O2.elf	31	597904	0.293	Jan 14, 2011 07:24:18
../bin/VPI-case-study-Simics-QURT-trig_MAGIC-pf_C-trace_NONE-O2.elf	31	597904	0.293	Jan 14, 2011 07:24:23
../bin/VPI-case-study-Simics-QURT-trig_MAGIC-pf_C-trace_NONE-O2.elf	31	597904	0.292	Jan 14, 2011 07:24:28
../bin/VPI-case-study-Simics-QURT-trig_MAGIC-pf_C-trace_NONE-O2.elf	31	597904	0.305	Jan 14, 2011 07:24:32
../bin/VPI-case-study-Simics-QURT-trig_MAGIC-pf_C-trace_NONE-O2.elf	31	597904	0.287	Jan 14, 2011 07:24:37
../bin/VPI-case-study-Simics-QURT-trig_MAGIC-pf_C-trace_NONE-O2.elf	31	597904	0.296	Jan 14, 2011 07:24:42
../bin/VPI-case-study-Simics-QURT-trig_MAGIC-pf_C-trace_NONE-O2.elf	31	597904	0.293	Jan 14, 2011 07:24:47
../bin/VPI-case-study-Simics-QURT-trig_MAGIC-pf_C-trace_NONE-O2.elf	31	597904	0.317	Jan 14, 2011 07:24:52
../bin/VPI-case-study-Simics-QURT-trig_MAGIC-pf_C-trace_NONE-O2.elf	31	597904	0.303	Jan 14, 2011 07:24:57
../bin/VPI-case-study-Simics-QURT-trig_GDB-pf_SEMI-trace_NONE-O2.elf	31	462235	9.350	Jan 14, 2011 07:27:25
../bin/VPI-case-study-Simics-QURT-trig_GDB-pf_SEMI-trace_NONE-O2.elf	31	462235	9.584	Jan 14, 2011 07:27:40
../bin/VPI-case-study-Simics-QURT-trig_GDB-pf_SEMI-trace_NONE-O2.elf	31	462235	9.415	Jan 14, 2011 07:27:55
../bin/VPI-case-study-Simics-QURT-trig_GDB-pf_SEMI-trace_NONE-O2.elf	31	462235	9.725	Jan 14, 2011 07:28:09
../bin/VPI-case-study-Simics-QURT-trig_GDB-pf_SEMI-trace_NONE-O2.elf	31	462235	9.323	Jan 14, 2011 07:28:24
../bin/VPI-case-study-Simics-QURT-trig_GDB-pf_SEMI-trace_NONE-O2.elf	31	462235	9.651	Jan 14, 2011 07:28:38
../bin/VPI-case-study-Simics-QURT-trig_GDB-pf_SEMI-trace_NONE-O2.elf	31	462235	9.472	Jan 14, 2011 07:28:53
../bin/VPI-case-study-Simics-QURT-trig_GDB-pf_SEMI-trace_NONE-O2.elf	31	462235	9.542	Jan 14, 2011 07:29:07
../bin/VPI-case-study-Simics-QURT-trig_GDB-pf_SEMI-trace_NONE-O2.elf	31	462235	9.974	Jan 14, 2011 07:29:21
../bin/VPI-case-study-Simics-QURT-trig_GDB-pf_SEMI-trace_NONE-O2.elf	31	462235	9.407	Jan 14, 2011 07:29:36
../bin/VPI-case-study-Simics-QURT-trig_GDB-pf_SEMI-trace_NONE-O2.elf	31	462235	9.674	Jan 14, 2011 07:29:50
../bin/VPI-case-study-Simics-QURT-trig_GDB-pf_SEMI-trace_NONE-O2.elf	31	462235	9.491	Jan 14, 2011 07:30:05
../bin/VPI-case-study-Simics-QURT-trig_GDB-pf_SEMI-trace_NONE-O2.elf	31	462235	9.532	Jan 14, 2011 07:30:19
../bin/VPI-case-study-Simics-QURT-trig_GDB-pf_SEMI-trace_NONE-O2.elf	31	462235	9.445	Jan 14, 2011 07:30:34
../bin/VPI-case-study-Simics-QURT-trig_GDB-pf_SEMI-trace_NONE-O2.elf	31	462235	9.492	Jan 14, 2011 07:30:48
../bin/VPI-case-study-Simics-QURT-trig_GDB-pf_SEMI-trace_NONE-O2.elf	31	462235	9.501	Jan 14, 2011 07:31:02
../bin/VPI-case-study-Simics-QURT-trig_GDB-pf_SEMI-trace_NONE-O2.elf	31	462235	9.603	Jan 14, 2011 07:31:16
../bin/VPI-case-study-Simics-QURT-trig_GDB-pf_SEMI-trace_NONE-O2.elf	31	462235	9.661	Jan 14, 2011 07:31:31
../bin/VPI-case-study-Simics-QURT-trig_GDB-pf_SEMI-trace_NONE-O2.elf	31	462235	9.589	Jan 14, 2011 07:31:46
../bin/VPI-case-study-Simics-QURT-trig_GDB-pf_SEMI-trace_NONE-O2.elf	31	462235	9.482	Jan 14, 2011 07:32:00
../bin/VPI-case-study-Simics-QURT-trig_GDB-pf_SEMI-trace_NONE-O2.elf	31	462235	9.335	Jan 14, 2011 07:32:14
../bin/VPI-case-study-Simics-QURT-trig_GDB-pf_SEMI-trace_NONE-O2.elf	31	462235	10.118	Jan 14, 2011 07:32:29
../bin/VPI-case-study-Simics-QURT-trig_GDB-pf_SEMI-trace_NONE-O2.elf	31	462235	9.861	Jan 14, 2011 07:32:44
../bin/VPI-case-study-Simics-QURT-trig_GDB-pf_SEMI-trace_NONE-O2.elf	31	462235	9.646	Jan 14, 2011 07:32:59
../bin/VPI-case-study-Simics-QURT-trig_GDB-pf_SEMI-trace_NONE-O2.elf	31	462235	9.524	Jan 14, 2011 07:33:14
